"DATE","ADJCLOSE","FEDFUNDS","GDP","UNRATE","CPIAUCSL","USSTHPI","WTISPLC"
1985-01-01,179.63,8.35,4230.168,7.3,105.7,124.89,25.641
1985-02-01,181.18,8.5,4230.168,7.2,106.3,124.89,27.271
1985-03-01,180.66,8.58,4230.168,7.2,106.8,124.89,28.238
1985-04-01,179.83,8.27,4294.887,7.3,107,126.78,28.805
1985-05-01,189.55,7.97,4294.887,7.2,107.2,126.78,27.623
1985-06-01,191.85,7.53,4294.887,7.4,107.5,126.78,27.143
1985-07-01,190.92,7.88,4386.773,7.4,107.7,128.75,27.329
1985-08-01,188.63,7.9,4386.773,7.1,107.9,128.75,27.755
1985-09-01,182.08,7.92,4386.773,7.1,108.1,128.75,28.289
1985-10-01,189.82,7.99,4444.094,7.1,108.5,130.18,29.538
1985-11-01,202.17,8.05,4444.094,7,109,130.18,30.813
1985-12-01,211.28,8.27,4444.094,7,109.5,130.18,27.228
1986-01-01,211.78,8.14,4507.894,6.7,109.9,132.71,22.945
1986-02-01,226.92,7.86,4507.894,7.2,109.7,132.71,15.442
1986-03-01,238.9,7.48,4507.894,7.2,109.1,132.71,12.618
1986-04-01,235.52,6.99,4545.34,7.1,108.7,135.5,12.847
1986-05-01,247.35,6.85,4545.34,7.2,109,135.5,15.444
1986-06-01,250.84,6.92,4545.34,7.2,109.4,135.5,13.469
1986-07-01,236.12,6.56,4607.669,7,109.5,137.56,11.575
1986-08-01,252.93,6.17,4607.669,6.9,109.6,137.56,15.092
1986-09-01,231.32,5.89,4607.669,7,110,137.56,14.913
1986-10-01,243.98,5.85,4657.627,7,110.2,139.68,14.852
1986-11-01,249.22,6.04,4657.627,6.9,110.4,139.68,15.207
1986-12-01,242.17,6.91,4657.627,6.6,110.8,139.68,16.076
1987-01-01,274.08,6.43,4722.156,6.6,111.4,142.46,18.656
1987-02-01,284.2,6.1,4722.156,6.6,111.8,142.46,17.726
1987-03-01,291.7,6.13,4722.156,6.6,112.2,142.46,18.305
1987-04-01,288.36,6.37,4806.16,6.3,112.7,144.67,18.643
1987-05-01,290.1,6.85,4806.16,6.3,113,144.67,19.415
1987-06-01,304,6.73,4806.16,6.2,113.5,144.67,20.034
1987-07-01,318.66,6.58,4884.555,6.1,113.8,146.34,21.355
1987-08-01,329.8,6.73,4884.555,6,114.3,146.34,20.274
1987-09-01,321.83,7.22,4884.555,5.9,114.7,146.34,19.526
1987-10-01,251.79,7.29,5007.994,6,115,147.29,19.848
1987-11-01,230.3,6.69,5007.994,5.8,115.4,147.29,18.92
1987-12-01,247.08,6.77,5007.994,5.7,115.6,147.29,17.241
1988-01-01,257.07,6.83,5073.372,5.7,116,149.59,17.16
1988-02-01,267.82,6.58,5073.372,5.7,116.2,149.59,16.765
1988-03-01,258.89,6.58,5073.372,5.7,116.5,149.59,16.217
1988-04-01,261.33,6.87,5190.036,5.4,117.2,152.58,17.875
1988-05-01,262.16,7.09,5190.036,5.6,117.5,152.58,17.438
1988-06-01,273.5,7.51,5190.036,5.4,118,152.58,16.53
1988-07-01,272.02,7.75,5282.835,5.4,118.5,154.16,15.498
1988-08-01,261.52,8.01,5282.835,5.6,119,154.16,15.524
1988-09-01,271.91,8.19,5282.835,5.4,119.5,154.16,14.467
1988-10-01,278.97,8.3,5399.509,5.4,119.9,155.58,13.798
1988-11-01,273.7,8.35,5399.509,5.3,120.3,155.58,13.977
1988-12-01,277.72,8.76,5399.509,5.3,120.7,155.58,16.266
1989-01-01,297.47,9.12,5511.253,5.4,121.2,157.39,17.983
1989-02-01,288.86,9.36,5511.253,5.2,121.6,157.39,17.826
1989-03-01,294.87,9.85,5511.253,5,122.2,157.39,19.445
1989-04-01,309.64,9.84,5612.463,5.2,123.1,159.55,21.04
1989-05-01,320.52,9.81,5612.463,5.2,123.7,159.55,20.032
1989-06-01,317.98,9.53,5612.463,5.3,124.1,159.55,20.005
1989-07-01,346.08,9.24,5695.365,5.2,124.5,162.96,19.644
1989-08-01,351.45,8.99,5695.365,5.2,124.5,162.96,18.522
1989-09-01,349.15,9.02,5695.365,5.3,124.8,162.96,19.594
1989-10-01,340.36,8.84,5747.237,5.3,125.4,164.31,20.091
1989-11-01,345.99,8.55,5747.237,5.4,125.9,164.31,19.82
1989-12-01,353.4,8.45,5747.237,5.4,126.3,164.31,21.088
1990-01-01,329.08,8.23,5872.701,5.4,127.5,165.24,22.641
1990-02-01,331.89,8.24,5872.701,5.3,128,165.24,22.108
1990-03-01,339.94,8.28,5872.701,5.2,128.6,165.24,20.418
1990-04-01,330.8,8.26,5960.028,5.4,128.9,165.92,18.582
1990-05-01,361.23,8.18,5960.028,5.4,129.1,165.92,18.237
1990-06-01,358.02,8.29,5960.028,5.2,129.9,165.92,16.871
1990-07-01,356.15,8.15,6015.116,5.5,130.5,166.95,18.638
1990-08-01,322.56,8.13,6015.116,5.7,131.6,166.95,27.174
1990-09-01,306.05,8.2,6015.116,5.9,132.5,166.95,33.687
1990-10-01,304,8.11,6004.733,5.9,133.4,166.3,35.922
1990-11-01,322.22,7.81,6004.733,6.2,133.7,166.3,32.3
1990-12-01,330.22,7.31,6004.733,6.3,134.2,166.3,27.337
1991-01-01,343.93,6.91,6035.178,6.4,134.7,167.68,24.959
1991-02-01,367.07,6.25,6035.178,6.6,134.8,167.68,20.523
1991-03-01,375.22,6.12,6035.178,6.8,134.8,167.68,19.86
1991-04-01,375.34,5.91,6126.862,6.7,135.1,168.79,20.823
1991-05-01,389.83,5.78,6126.862,6.9,135.6,168.79,21.24
1991-06-01,371.16,5.9,6126.862,6.9,136,168.79,20.195
1991-07-01,387.81,5.82,6205.937,6.8,136.2,169.12,21.42
1991-08-01,395.43,5.66,6205.937,6.9,136.6,169.12,21.688
1991-09-01,387.86,5.45,6205.937,6.9,137,169.12,21.857
1991-10-01,392.45,5.21,6264.54,7,137.2,171.49,23.228
1991-11-01,375.22,4.81,6264.54,7,137.8,171.49,22.465
1991-12-01,417.09,4.43,6264.54,7.3,138.2,171.49,19.517
1992-01-01,408.78,4.03,6363.102,7.3,138.3,172.81,18.82
1992-02-01,412.7,4.06,6363.102,7.4,138.6,172.81,18.995
1992-03-01,403.69,3.98,6363.102,7.4,139.1,172.81,18.916
1992-04-01,414.95,3.73,6470.763,7.4,139.4,172.77,20.243
1992-05-01,415.35,3.82,6470.763,7.6,139.7,172.77,20.94
1992-06-01,408.14,3.76,6470.763,7.8,140.1,172.77,22.375
1992-07-01,424.21,3.25,6566.641,7.7,140.5,174.74,21.759
1992-08-01,414.03,3.3,6566.641,7.6,140.8,174.74,21.35
1992-09-01,417.8,3.22,6566.641,7.6,141.1,174.74,21.902
1992-10-01,418.68,3.1,6680.803,7.3,141.7,175.62,21.688
1992-11-01,431.35,3.09,6680.803,7.4,142.1,175.62,20.342
1992-12-01,435.71,2.92,6680.803,7.4,142.3,175.62,19.407
1993-01-01,438.78,3.02,6729.459,7.3,142.8,175.7,19.075
1993-02-01,443.38,3.03,6729.459,7.1,143.1,175.7,20.053
1993-03-01,451.67,3.07,6729.459,7,143.3,175.7,20.347
1993-04-01,440.19,2.96,6808.939,7.1,143.8,177.38,20.27
1993-05-01,450.19,3,6808.939,7.1,144.2,177.38,19.94
1993-06-01,450.53,3.04,6808.939,7,144.3,177.38,19.07
1993-07-01,448.13,3.06,6882.098,6.9,144.5,178.82,17.866
1993-08-01,463.56,3.03,6882.098,6.8,144.8,178.82,18.009
1993-09-01,458.93,3.09,6882.098,6.7,145,178.82,17.514
1993-10-01,467.83,2.99,7013.738,6.8,145.6,180.28,18.145
1993-11-01,461.79,3.02,7013.738,6.6,146,180.28,16.699
1993-12-01,466.45,2.96,7013.738,6.5,146.3,180.28,14.51
1994-01-01,481.61,3.05,7115.652,6.6,146.3,181.41,15
1994-02-01,467.14,3.25,7115.652,6.6,146.7,181.41,14.78
1994-03-01,445.77,3.34,7115.652,6.5,147.1,181.41,14.66
1994-04-01,450.91,3.56,7246.931,6.4,147.2,182.49,16.38
1994-05-01,456.5,4.01,7246.931,6.1,147.5,182.49,17.88
1994-06-01,444.27,4.25,7246.931,6.1,147.9,182.49,19.07
1994-07-01,458.26,4.26,7331.075,6.1,148.4,183.25,19.65
1994-08-01,475.49,4.47,7331.075,6,149,183.25,18.38
1994-09-01,462.71,4.73,7331.075,5.9,149.3,183.25,17.46
1994-10-01,472.35,4.76,7455.288,5.8,149.4,183.1,17.71
1994-11-01,453.69,5.29,7455.288,5.6,149.8,183.1,18.1
1994-12-01,459.27,5.45,7455.288,5.5,150.1,183.1,17.16
1995-01-01,470.42,5.53,7522.289,5.6,150.5,184.05,17.99
1995-02-01,487.39,5.92,7522.289,5.4,150.9,184.05,18.53
1995-03-01,500.71,5.98,7522.289,5.4,151.2,184.05,18.55
1995-04-01,514.71,6.05,7580.997,5.8,151.8,187.08,19.87
1995-05-01,533.4,6.01,7580.997,5.6,152.1,187.08,19.74
1995-06-01,544.75,6,7580.997,5.6,152.4,187.08,18.42
1995-07-01,562.06,5.85,7683.125,5.7,152.6,189.96,17.3
1995-08-01,561.88,5.74,7683.125,5.7,152.9,189.96,18.03
1995-09-01,584.41,5.8,7683.125,5.6,153.1,189.96,18.23
1995-10-01,581.5,5.76,7772.586,5.5,153.5,191.43,17.44
1995-11-01,605.37,5.8,7772.586,5.6,153.7,191.43,17.99
1995-12-01,615.93,5.6,7772.586,5.6,153.9,191.43,19.04
1996-01-01,636.02,5.56,7868.468,5.6,154.7,193.57,18.88
1996-02-01,640.43,5.22,7868.468,5.5,155,193.57,19.07
1996-03-01,645.5,5.31,7868.468,5.5,155.5,193.57,21.36
1996-04-01,654.17,5.22,8032.84,5.6,156.1,193.89,23.57
1996-05-01,669.12,5.24,8032.84,5.6,156.4,193.89,21.25
1996-06-01,670.63,5.27,8032.84,5.3,156.7,193.89,20.45
1996-07-01,639.95,5.4,8131.408,5.5,157,194.75,21.32
1996-08-01,651.99,5.22,8131.408,5.1,157.2,194.75,21.96
1996-09-01,687.33,5.3,8131.408,5.2,157.7,194.75,23.99
1996-10-01,705.27,5.24,8259.771,5.2,158.2,196.27,24.9
1996-11-01,757.02,5.31,8259.771,5.4,158.7,196.27,23.71
1996-12-01,740.74,5.29,8259.771,5.4,159.1,196.27,25.39
1997-01-01,786.16,5.25,8362.655,5.3,159.4,197.9,25.17
1997-02-01,790.82,5.19,8362.655,5.2,159.7,197.9,22.21
1997-03-01,757.12,5.39,8362.655,5.2,159.8,197.9,20.99
1997-04-01,801.34,5.51,8518.825,5.1,159.9,199.53,19.72
1997-05-01,848.28,5.5,8518.825,4.9,159.9,199.53,20.83
1997-06-01,885.14,5.56,8518.825,5,160.2,199.53,19.17
1997-07-01,954.31,5.52,8662.823,4.9,160.4,202.24,19.63
1997-08-01,899.47,5.54,8662.823,4.8,160.8,202.24,19.93
1997-09-01,947.28,5.54,8662.823,4.9,161.2,202.24,19.79
1997-10-01,914.62,5.5,8765.907,4.7,161.5,204.87,21.26
1997-11-01,955.4,5.52,8765.907,4.6,161.7,204.87,20.17
1997-12-01,970.43,5.5,8765.907,4.7,161.8,204.87,18.32
1998-01-01,980.28,5.56,8866.48,4.6,162,207.95,16.71
1998-02-01,1049.34,5.51,8866.48,4.6,162,207.95,16.06
1998-03-01,1101.75,5.49,8866.48,4.7,162,207.95,15.02
1998-04-01,1111.75,5.45,8969.699,4.3,162.2,209.8,15.44
1998-05-01,1090.82,5.49,8969.699,4.4,162.6,209.8,14.86
1998-06-01,1133.84,5.56,8969.699,4.5,162.8,209.8,13.66
1998-07-01,1120.67,5.54,9121.097,4.5,163.2,212.74,14.08
1998-08-01,957.28,5.55,9121.097,4.5,163.4,212.74,13.36
1998-09-01,1017.01,5.51,9121.097,4.6,163.5,212.74,14.95
1998-10-01,1098.67,5.07,9293.991,4.5,163.9,215.25,14.39
1998-11-01,1163.63,4.83,9293.991,4.4,164.1,215.25,12.85
1998-12-01,1229.23,4.68,9293.991,4.4,164.4,215.25,11.28
1999-01-01,1279.64,4.63,9411.682,4.3,164.7,217.52,12.47
1999-02-01,1238.33,4.76,9411.682,4.4,164.7,217.52,12.01
1999-03-01,1286.37,4.81,9411.682,4.2,164.8,217.52,14.66
1999-04-01,1335.18,4.74,9526.21,4.3,165.9,220.42,17.34
1999-05-01,1301.84,4.74,9526.21,4.2,166,220.42,17.75
1999-06-01,1372.71,4.76,9526.21,4.3,166,220.42,17.89
1999-07-01,1328.72,4.99,9686.626,4.3,166.7,223.55,20.07
1999-08-01,1320.41,5.07,9686.626,4.2,167.1,223.55,21.26
1999-09-01,1282.71,5.22,9686.626,4.2,167.8,223.55,23.88
1999-10-01,1362.93,5.2,9900.169,4.1,168.1,225.85,22.64
1999-11-01,1388.91,5.42,9900.169,4.1,168.4,225.85,24.97
1999-12-01,1469.25,5.3,9900.169,4,168.8,225.85,26.08
2000-01-01,1394.46,5.45,10002.179,4,169.3,230.17,27.18
2000-02-01,1366.42,5.73,10002.179,4.1,170,230.17,29.35
2000-03-01,1498.58,5.85,10002.179,4,171,230.17,29.89
2000-04-01,1452.43,6.02,10247.72,3.8,170.9,233.92,25.74
2000-05-01,1420.6,6.27,10247.72,4,171.2,233.92,28.78
2000-06-01,1454.6,6.53,10247.72,4,172.2,233.92,31.83
2000-07-01,1430.83,6.54,10318.165,4,172.7,238.19,29.77
2000-08-01,1517.68,6.5,10318.165,4.1,172.7,238.19,31.22
2000-09-01,1436.51,6.52,10318.165,3.9,173.6,238.19,33.88
2000-10-01,1429.4,6.51,10435.744,3.9,173.9,241.84,33.08
2000-11-01,1314.95,6.51,10435.744,3.9,174.2,241.84,34.4
2000-12-01,1320.28,6.4,10435.744,3.9,174.6,241.84,28.46
2001-01-01,1366.01,5.98,10470.231,4.2,175.6,247.82,29.58
2001-02-01,1239.94,5.49,10470.231,4.2,176,247.82,29.61
2001-03-01,1160.33,5.31,10470.231,4.3,176.1,247.82,27.24
2001-04-01,1249.46,4.8,10599,4.4,176.4,251.97,27.41
2001-05-01,1255.82,4.21,10599,4.3,177.3,251.97,28.64
2001-06-01,1224.38,3.97,10599,4.5,177.7,251.97,27.6
2001-07-01,1211.23,3.77,10598.02,4.6,177.4,255.88,26.45
2001-08-01,1133.58,3.65,10598.02,4.9,177.4,255.88,27.47
2001-09-01,1040.94,3.07,10598.02,5,178.1,255.88,25.88
2001-10-01,1059.78,2.49,10660.465,5.3,177.6,259.05,22.21
2001-11-01,1139.45,2.09,10660.465,5.5,177.5,259.05,19.67
2001-12-01,1148.08,1.82,10660.465,5.7,177.4,259.05,19.33
2002-01-01,1130.2,1.73,10783.5,5.7,177.7,262.77,19.67
2002-02-01,1106.73,1.74,10783.5,5.7,178,262.77,20.74
2002-03-01,1147.39,1.73,10783.5,5.7,178.5,262.77,24.42
2002-04-01,1076.92,1.75,10887.46,5.9,179.3,267.24,26.27
2002-05-01,1067.14,1.75,10887.46,5.8,179.5,267.24,27.02
2002-06-01,989.82,1.75,10887.46,5.8,179.6,267.24,25.52
2002-07-01,911.62,1.73,10984.04,5.8,180,272.55,26.94
2002-08-01,916.07,1.74,10984.04,5.7,180.5,272.55,28.38
2002-09-01,815.28,1.75,10984.04,5.7,180.8,272.55,29.67
2002-10-01,885.76,1.75,11061.433,5.7,181.2,276.41,28.85
2002-11-01,936.31,1.34,11061.433,5.9,181.5,276.41,26.27
2002-12-01,879.82,1.24,11061.433,6,181.8,276.41,29.42
2003-01-01,855.7,1.24,11174.129,5.8,182.6,279.78,32.94
2003-02-01,841.15,1.26,11174.129,5.9,183.6,279.78,35.87
2003-03-01,848.18,1.25,11174.129,5.9,183.9,279.78,33.55
2003-04-01,916.92,1.26,11312.766,6,183.2,283.2,28.25
2003-05-01,963.59,1.26,11312.766,6.1,182.9,283.2,28.14
2003-06-01,974.5,1.22,11312.766,6.3,183.1,283.2,30.72
2003-07-01,990.31,1.01,11566.669,6.2,183.7,287.57,30.76
2003-08-01,1008.01,1.03,11566.669,6.1,184.5,287.57,31.59
2003-09-01,995.97,1.01,11566.669,6.1,185.1,287.57,28.29
2003-10-01,1050.71,1.01,11772.234,6,184.9,295.7,30.33
2003-11-01,1058.2,1,11772.234,5.8,185,295.7,31.09
2003-12-01,1111.92,0.98,11772.234,5.7,185.5,295.7,32.15
2004-01-01,1131.13,1,11923.447,5.7,186.3,300.36,34.27
2004-02-01,1144.94,1.01,11923.447,5.6,186.7,300.36,34.74
2004-03-01,1126.21,1,11923.447,5.8,187.1,300.36,36.76
2004-04-01,1107.3,1,12112.815,5.6,187.4,307.69,36.69
2004-05-01,1120.68,1,12112.815,5.6,188.2,307.69,40.28
2004-06-01,1140.84,1.03,12112.815,5.6,188.9,307.69,38.02
2004-07-01,1101.72,1.26,12305.307,5.5,189.1,319.41,40.69
2004-08-01,1104.24,1.43,12305.307,5.4,189.2,319.41,44.94
2004-09-01,1114.58,1.61,12305.307,5.4,189.8,319.41,45.95
2004-10-01,1130.2,1.76,12527.214,5.5,190.8,326.25,53.13
2004-11-01,1173.82,1.93,12527.214,5.4,191.7,326.25,48.46
2004-12-01,1211.92,2.16,12527.214,5.4,191.7,326.25,43.33
2005-01-01,1181.27,2.28,12767.286,5.3,191.6,333.72,46.84
2005-02-01,1203.6,2.5,12767.286,5.4,192.4,333.72,47.97
2005-03-01,1180.59,2.63,12767.286,5.2,193.1,333.72,54.31
2005-04-01,1156.85,2.79,12922.656,5.2,193.7,344.42,53.04
2005-05-01,1191.5,3,12922.656,5.1,193.6,344.42,49.83
2005-06-01,1191.33,3.04,12922.656,5,193.7,344.42,56.26
2005-07-01,1234.18,3.26,13142.642,5,194.9,354.89,58.7
2005-08-01,1220.33,3.5,13142.642,4.9,196.1,354.89,64.97
2005-09-01,1228.81,3.62,13142.642,5,198.8,354.89,65.57
2005-10-01,1207.01,3.78,13324.204,5,199.1,362.92,62.37
2005-11-01,1249.48,4,13324.204,5,198.1,362.92,58.3
2005-12-01,1248.29,4.16,13324.204,4.9,198.1,362.92,59.43
2006-01-01,1280.08,4.29,13599.16,4.7,199.3,368.68,65.51
2006-02-01,1280.66,4.49,13599.16,4.8,199.4,368.68,61.63
2006-03-01,1294.87,4.59,13599.16,4.7,199.7,368.68,62.9
2006-04-01,1310.61,4.79,13753.424,4.7,200.7,372.46,69.69
2006-05-01,1270.09,4.94,13753.424,4.6,201.3,372.46,70.94
2006-06-01,1270.2,4.99,13753.424,4.6,201.8,372.46,70.96
2006-07-01,1276.66,5.24,13870.188,4.7,202.9,375.52,74.41
2006-08-01,1303.82,5.25,13870.188,4.7,203.8,375.52,73.05
2006-09-01,1335.85,5.25,13870.188,4.5,202.8,375.52,63.87
2006-10-01,1377.94,5.25,14039.56,4.4,201.9,379.35,58.88
2006-11-01,1400.63,5.25,14039.56,4.5,202,379.35,59.37
2006-12-01,1418.3,5.24,14039.56,4.4,203.1,379.35,62.03
2007-01-01,1438.24,5.25,14215.651,4.6,203.437,380.77,54.57
2007-02-01,1406.82,5.26,14215.651,4.5,204.226,380.77,59.26
2007-03-01,1420.86,5.26,14215.651,4.4,205.288,380.77,60.56
2007-04-01,1482.37,5.25,14402.082,4.5,205.904,380.52,63.97
2007-05-01,1530.62,5.25,14402.082,4.4,206.755,380.52,63.46
2007-06-01,1503.35,5.25,14402.082,4.6,207.234,380.52,67.48
2007-07-01,1455.27,5.26,14564.117,4.7,207.603,376.27,74.18
2007-08-01,1473.99,5.02,14564.117,4.6,207.667,376.27,72.39
2007-09-01,1526.75,4.94,14564.117,4.7,208.547,376.27,79.93
2007-10-01,1549.38,4.76,14715.058,4.7,209.19,375.06,86.2
2007-11-01,1481.14,4.49,14715.058,4.7,210.834,375.06,94.62
2007-12-01,1468.36,4.24,14715.058,5,211.445,375.06,91.73
2008-01-01,1378.55,3.94,14706.538,5,212.174,372.31,92.95
2008-02-01,1330.63,2.98,14706.538,4.9,212.687,372.31,95.35
2008-03-01,1322.7,2.61,14706.538,5.1,213.448,372.31,105.56
2008-04-01,1385.59,2.28,14865.701,5,213.942,362.92,112.57
2008-05-01,1400.38,1.98,14865.701,5.4,215.208,362.92,125.39
2008-06-01,1280,2,14865.701,5.6,217.463,362.92,133.93
2008-07-01,1267.38,2.01,14898.999,5.8,219.016,351.48,133.44
2008-08-01,1282.83,2,14898.999,6.1,218.69,351.48,116.61
2008-09-01,1166.36,1.81,14898.999,6.1,218.877,351.48,103.9
2008-10-01,968.75,0.97,14608.208,6.5,216.995,348.24,76.65
2008-11-01,896.24,0.39,14608.208,6.8,213.153,348.24,57.44
2008-12-01,903.25,0.16,14608.208,7.3,211.398,348.24,41.02
2009-01-01,825.88,0.15,14430.901,7.8,211.933,350.82,41.74
2009-02-01,735.09,0.22,14430.901,8.3,212.705,350.82,39.16
2009-03-01,797.87,0.18,14430.901,8.7,212.495,350.82,47.98
2009-04-01,872.81,0.15,14381.236,9,212.709,341.62,49.79
2009-05-01,919.14,0.18,14381.236,9.4,213.022,341.62,59.16
2009-06-01,919.32,0.21,14381.236,9.5,214.79,341.62,69.68
2009-07-01,987.48,0.16,14448.882,9.5,214.726,332.7,64.09
2009-08-01,1020.62,0.16,14448.882,9.6,215.445,332.7,71.06
2009-09-01,1057.08,0.15,14448.882,9.8,215.861,332.7,69.46
2009-10-01,1036.19,0.12,14651.248,10,216.509,330.18,75.82
2009-11-01,1095.63,0.12,14651.248,9.9,217.234,330.18,78.08
2009-12-01,1115.1,0.12,14651.248,9.9,217.347,330.18,74.3
2010-01-01,1073.87,0.11,14764.611,9.8,217.488,326.24,78.22
2010-02-01,1104.49,0.13,14764.611,9.8,217.281,326.24,76.42
2010-03-01,1169.43,0.16,14764.611,9.9,217.353,326.24,81.24
2010-04-01,1186.69,0.2,14980.193,9.9,217.403,323.27,84.48
2010-05-01,1089.41,0.2,14980.193,9.6,217.29,323.27,73.84
2010-06-01,1030.71,0.18,14980.193,9.4,217.199,323.27,75.35
2010-07-01,1101.6,0.18,15141.605,9.4,217.605,326.42,76.37
2010-08-01,1049.33,0.19,15141.605,9.5,217.923,326.42,76.82
2010-09-01,1141.2,0.19,15141.605,9.5,218.275,326.42,75.31
2010-10-01,1183.26,0.19,15309.471,9.4,219.035,324.1,81.9
2010-11-01,1180.55,0.19,15309.471,9.8,219.59,324.1,84.14
2010-12-01,1257.64,0.18,15309.471,9.3,220.472,324.1,89.04
2011-01-01,1286.12,0.17,15351.444,9.1,221.187,315.1,89.42
2011-02-01,1327.22,0.16,15351.444,9,221.898,315.1,89.58
2011-03-01,1325.83,0.14,15351.444,9,223.046,315.1,102.94
2011-04-01,1363.61,0.1,15557.535,9.1,224.093,309.57,110.04
2011-05-01,1345.2,0.09,15557.535,9,224.806,309.57,101.33
2011-06-01,1320.64,0.09,15557.535,9.1,224.806,309.57,96.29
2011-07-01,1292.28,0.07,15647.681,9,225.395,311.87,97.19
2011-08-01,1218.89,0.1,15647.681,9,226.106,311.87,86.33
2011-09-01,1131.42,0.08,15647.681,9,226.597,311.87,85.61
2011-10-01,1253.3,0.07,15842.267,8.8,226.75,313.31,86.41
2011-11-01,1246.96,0.08,15842.267,8.6,227.169,313.31,97.21
2011-12-01,1257.6,0.07,15842.267,8.5,227.223,313.31,98.57
2012-01-01,1312.41,0.08,16068.824,8.3,227.842,310.03,100.24
2012-02-01,1365.68,0.1,16068.824,8.3,228.329,310.03,102.25
2012-03-01,1408.47,0.13,16068.824,8.2,228.807,310.03,106.19
2012-04-01,1397.91,0.14,16207.13,8.2,229.187,308.62,103.33
2012-05-01,1310.33,0.16,16207.13,8.2,228.713,308.62,94.7
2012-06-01,1362.16,0.16,16207.13,8.2,228.524,308.62,82.41
2012-07-01,1379.32,0.16,16319.54,8.2,228.59,312.74,87.93
2012-08-01,1406.58,0.13,16319.54,8.1,229.918,312.74,94.16
2012-09-01,1440.67,0.14,16319.54,7.8,231.015,312.74,94.72
2012-10-01,1412.16,0.16,16420.386,7.8,231.638,315.18,89.57
2012-11-01,1416.18,0.16,16420.386,7.7,231.249,315.18,86.66
2012-12-01,1426.19,0.16,16420.386,7.9,231.221,315.18,88.25
2013-01-01,1498.11,0.14,16629.05,8,231.679,316.75,94.69
2013-02-01,1514.68,0.15,16629.05,7.7,232.937,316.75,95.32
2013-03-01,1569.19,0.14,16629.05,7.5,232.282,316.75,93.05
2013-04-01,1597.57,0.15,16699.551,7.6,231.797,321.59,92.07
2013-05-01,1630.74,0.11,16699.551,7.5,231.893,321.59,94.8
2013-06-01,1606.28,0.09,16699.551,7.5,232.445,321.59,95.8
2013-07-01,1685.73,0.09,16911.068,7.3,232.9,326.22,104.61
2013-08-01,1632.97,0.08,16911.068,7.2,233.456,326.22,106.57
2013-09-01,1681.55,0.08,16911.068,7.2,233.544,326.22,106.29
2013-10-01,1756.54,0.09,17133.114,7.2,233.669,328.83,100.54
2013-11-01,1805.81,0.08,17133.114,6.9,234.1,328.83,93.86
2013-12-01,1848.36,0.09,17133.114,6.7,234.719,328.83,97.63
2014-01-01,1782.59,0.07,17144.281,6.6,235.288,331.55,94.62
2014-02-01,1859.45,0.07,17144.281,6.7,235.547,331.55,100.82
2014-03-01,1872.34,0.08,17144.281,6.7,236.028,331.55,100.8
2014-04-01,1883.95,0.09,17462.703,6.2,236.468,337.97,102.07
2014-05-01,1923.57,0.09,17462.703,6.3,236.918,337.97,102.18
2014-06-01,1960.23,0.1,17462.703,6.1,237.231,337.97,105.79
2014-07-01,1930.67,0.09,17743.227,6.2,237.498,342.87,103.59
2014-08-01,2003.37,0.09,17743.227,6.1,237.46,342.87,96.54
2014-09-01,1972.29,0.09,17743.227,5.9,237.477,342.87,93.21
2014-10-01,2018.05,0.09,17852.54,5.7,237.43,345.64,84.4
2014-11-01,2067.56,0.09,17852.54,5.8,236.983,345.64,75.79
2014-12-01,2058.9,0.12,17852.54,5.6,236.252,345.64,59.29
2015-01-01,1994.99,0.11,17991.348,5.7,234.747,349.45,47.22
2015-02-01,2104.5,0.11,17991.348,5.5,235.342,349.45,50.58
2015-03-01,2067.89,0.11,17991.348,5.4,235.976,349.45,47.82
2015-04-01,2085.51,0.12,18193.707,5.4,236.222,355.12,54.45
2015-05-01,2107.39,0.12,18193.707,5.6,237.001,355.12,59.27
2015-06-01,2063.11,0.13,18193.707,5.3,237.657,355.12,59.82
2015-07-01,2103.84,0.13,18306.96,5.2,238.034,360.17,50.9
2015-08-01,1972.18,0.14,18306.96,5.1,238.033,360.17,42.87
2015-09-01,1920.03,0.14,18306.96,5,237.498,360.17,45.48
2015-10-01,2079.36,0.12,18332.079,5,237.733,363.08,46.22
2015-11-01,2080.41,0.12,18332.079,5.1,238.017,363.08,42.44
2015-12-01,2043.94,0.24,18332.079,5,237.761,363.08,37.19
2016-01-01,1940.24,0.34,18425.306,4.8,237.652,366.43,31.68
2016-02-01,1932.23,0.38,18425.306,4.9,237.336,366.43,30.32
2016-03-01,2059.74,0.36,18425.306,5,238.08,366.43,37.55
2016-04-01,2065.3,0.37,18611.617,5.1,238.992,373.29,40.75
2016-05-01,2096.95,0.37,18611.617,4.8,239.557,373.29,46.71
2016-06-01,2098.86,0.38,18611.617,4.9,240.222,373.29,48.76
2016-07-01,2173.6,0.39,18775.459,4.8,240.101,379.94,44.65
2016-08-01,2170.95,0.4,18775.459,4.9,240.545,379.94,44.72
2016-09-01,2168.27,0.4,18775.459,5,241.176,379.94,45.18
2016-10-01,2126.15,0.4,18968.041,4.9,241.741,382.9,49.78
2016-11-01,2198.81,0.41,18968.041,4.7,242.026,382.9,45.66
2016-12-01,2238.83,0.54,18968.041,4.7,242.637,382.9,51.97
2017-01-01,2278.87,0.65,19148.194,4.7,243.618,385.69,52.5
2017-02-01,2363.64,0.66,19148.194,4.6,244.006,385.69,53.47
2017-03-01,2362.72,0.79,19148.194,4.4,243.892,385.69,49.33
2017-04-01,2384.2,0.9,19304.506,4.4,244.193,394.31,51.06
2017-05-01,2411.8,0.91,19304.506,4.4,244.004,394.31,48.48
2017-06-01,2423.41,1.04,19304.506,4.3,244.163,394.31,45.18
2017-07-01,2470.3,1.15,19561.896,4.3,244.243,400.41,46.63
2017-08-01,2471.65,1.16,19561.896,4.4,245.183,400.41,48.04
2017-09-01,2519.36,1.15,19561.896,4.3,246.435,400.41,49.82
2017-10-01,2575.26,1.15,19894.75,4.2,246.626,403.75,51.58
2017-11-01,2647.58,1.16,19894.75,4.2,247.284,403.75,56.64
2017-12-01,2673.61,1.3,19894.75,4.1,247.805,403.75,57.88
2018-01-01,2823.81,1.41,20155.486,4,248.859,409.42,63.7
2018-02-01,2713.83,1.42,20155.486,4.1,249.529,409.42,62.23
2018-03-01,2640.87,1.51,20155.486,4,249.577,409.42,62.73
2018-04-01,2648.05,1.69,20470.197,4,250.227,416.98,66.25
2018-05-01,2705.27,1.7,20470.197,3.8,250.792,416.98,69.98
2018-06-01,2718.37,1.82,20470.197,4,251.018,416.98,67.87
2018-07-01,2816.29,1.91,20687.278,3.8,251.214,422.07,70.98
2018-08-01,2901.52,1.91,20687.278,3.8,251.663,422.07,68.06
2018-09-01,2913.98,1.95,20687.278,3.7,252.182,422.07,70.23
2018-10-01,2711.74,2.19,20819.269,3.8,252.772,423.52,70.75
2018-11-01,2760.17,2.2,20819.269,3.8,252.594,423.52,56.96
2018-12-01,2506.85,2.27,20819.269,3.9,252.767,423.52,49.52
2019-01-01,2704.1,2.4,21013.085,4,252.718,428.24,51.38
2019-02-01,2784.49,2.4,21013.085,3.8,253.322,428.24,54.95
2019-03-01,2834.4,2.41,21013.085,3.8,254.202,428.24,58.15
2019-04-01,2945.83,2.42,21272.448,3.6,255.211,435.38,63.86
2019-05-01,2752.06,2.39,21272.448,3.7,255.29,435.38,60.83
2019-06-01,2941.76,2.38,21272.448,3.6,255.159,435.38,54.66
2019-07-01,2980.38,2.4,21531.839,3.7,255.685,440.92,57.35
2019-08-01,2926.46,2.13,21531.839,3.7,256.059,440.92,54.81
2019-09-01,2976.74,2.04,21531.839,3.5,256.511,440.92,56.95
2019-10-01,3037.56,1.83,21706.532,3.6,257.244,444.85,53.96
2019-11-01,3140.98,1.55,21706.532,3.6,257.803,444.85,57.03
2019-12-01,3230.78,1.55,21706.532,3.6,258.616,444.85,59.88
2020-01-01,3225.52,1.55,21538.032,3.5,259.037,450,57.52
2020-02-01,2954.22,1.58,21538.032,3.5,259.248,450,50.54
2020-03-01,2584.59,0.65,21538.032,4.4,258.124,450,29.21
2020-04-01,2912.43,0.05,19636.731,14.7,256.092,454.49,16.55
2020-05-01,3044.31,0.05,19636.731,13.2,255.868,454.49,28.56
2020-06-01,3100.29,0.08,19636.731,11,256.986,454.49,38.31
2020-07-01,3271.12,0.09,21362.428,10.2,258.278,462.43,40.71
2020-08-01,3500.31,0.1,21362.428,8.4,259.411,462.43,42.34
2020-09-01,3363,0.09,21362.428,7.9,260.029,462.43,39.63
2020-10-01,3269.96,0.09,21704.706,6.9,260.286,472.6,39.4
2020-11-01,3621.63,0.09,21704.706,6.7,260.813,472.6,40.94
2020-12-01,3756.07,0.09,21704.706,6.7,262.035,472.6,47.02
2021-01-01,3714.24,0.09,22313.85,6.3,262.65,483.96,52
2021-02-01,3811.15,0.08,22313.85,6.2,263.638,483.96,59.04
2021-03-01,3972.89,0.07,22313.85,6.1,264.914,483.96,62.33
2021-04-01,4181.17,0.07,23046.934,6.1,266.67,510.9,61.72
2021-05-01,4204.11,0.06,23046.934,5.8,268.444,510.9,65.17
2021-06-01,4297.5,0.08,23046.934,5.9,270.559,510.9,71.38
2021-07-01,4395.26,0.1,23550.42,5.4,271.764,539.41,72.49
2021-08-01,4522.68,0.09,23550.42,5.2,272.87,539.41,67.73
2021-09-01,4307.54,0.08,23550.42,4.8,274.028,539.41,71.65
2021-10-01,4605.38,0.08,24349.121,4.5,276.522,558.11,81.48
2021-11-01,4567,0.08,24349.121,4.2,278.711,558.11,79.15
2021-12-01,4766.18,0.08,24349.121,3.9,280.887,558.11,71.71
2022-01-01,4515.55,0.08,24740.48,4,282.599,578.71,83.22
2022-02-01,4373.94,0.08,24740.48,3.8,284.61,578.71,91.64
2022-03-01,4530.41,0.2,24740.48,3.6,287.472,578.71,108.5
2022-04-01,4131.93,0.33,25248.476,3.6,288.611,617.95,101.78
2022-05-01,4132.15,0.77,25248.476,3.6,291.268,617.95,109.55
2022-06-01,3785.38,1.21,25248.476,3.6,294.728,617.95,114.84
2022-07-01,4130.29,1.68,25723.941,3.5,294.628,628.4,101.62
2022-08-01,3955,2.33,25723.941,3.7,295.32,628.4,93.67
2022-09-01,3585.62,2.56,25723.941,3.5,296.539,628.4,84.26
2022-10-01,3871.98,3.08,26137.992,3.7,297.987,623.26,87.55
2022-11-01,4080.11,3.78,26137.992,3.6,298.598,623.26,84.37
2022-12-01,3839.5,4.1,26137.992,3.5,298.99,623.26,76.44
2023-01-01,4076.6,4.33,26486.287,3.4,300.536,625.38,78.12
